elapsed,iterations,output,steps,tasks,flops,bytes,width,std,reps,scale_factor,time_per_task,flops_per_second,bytes_per_second,efficiency
8.362600e+02,16777216,16,1000,48000,206688719648384,0,48,5.919074e-01,4,1.000000e+00,4.460053e+03,2.471584e+11,0.000000e+00,1.000000e+00
4.187175e+02,8388608,16,1000,48000,103344359821824,0,48,5.441484e-01,8,2.000000e+00,2.233160e+03,2.468116e+11,0.000000e+00,9.985968e-01
